InputFeature,ResponseVariable
3.015638836,5.266598567
-1.69830666,-3.399918088
-4.729529803,-8.934255325
2.216119487,4.821099954
1.32038885,1.796884157
