InputFeatureA,InputFeatureB,ResponseVariable
0.023213687,-0.280382894,0.252111237
-0.840228689,0.700103038,-1.567033962
0.451778602,-0.133479278,0.65118727
-0.982474735,0.239189654,-1.378938325
0.233663668,0.502454535,-0.075343613
